metric,value
accuracy,0.932
precision,0.9126506024096386
recall,0.8859649122807017
f1_score,0.8991097922848664
